<annotation>
	<folder>images</folder>
	<filename>image (142).JPG</filename>
	<path>C:\Users\Grycek\Desktop\Git_first\League-Vision-Challenge\images\bars\images\image (142).JPG</path>
	<source>
		<database>Unknown</database>
	</source>
	<size>
		<width>1056</width>
		<height>389</height>
		<depth>3</depth>
	</size>
	<segmented>0</segmented>
	<object>
		<name>bar</name>
		<pose>Unspecified</pose>
		<truncated>0</truncated>
		<difficult>0</difficult>
		<bndbox>
			<xmin>118</xmin>
			<ymin>34</ymin>
			<xmax>178</xmax>
			<ymax>45</ymax>
		</bndbox>
	</object>
	<object>
		<name>bar</name>
		<pose>Unspecified</pose>
		<truncated>0</truncated>
		<difficult>0</difficult>
		<bndbox>
			<xmin>134</xmin>
			<ymin>35</ymin>
			<xmax>200</xmax>
			<ymax>50</ymax>
		</bndbox>
	</object>
	<object>
		<name>bar</name>
		<pose>Unspecified</pose>
		<truncated>0</truncated>
		<difficult>0</difficult>
		<bndbox>
			<xmin>244</xmin>
			<ymin>101</ymin>
			<xmax>301</xmax>
			<ymax>119</ymax>
		</bndbox>
	</object>
	<object>
		<name>bar</name>
		<pose>Unspecified</pose>
		<truncated>0</truncated>
		<difficult>0</difficult>
		<bndbox>
			<xmin>382</xmin>
			<ymin>206</ymin>
			<xmax>441</xmax>
			<ymax>220</ymax>
		</bndbox>
	</object>
</annotation>
