<annotation>
	<folder>images</folder>
	<filename>image (10).JPG</filename>
	<path>C:\Users\Grycek\Desktop\Git_first\League-Vision-Challenge\images\bars\images\image (10).JPG</path>
	<source>
		<database>Unknown</database>
	</source>
	<size>
		<width>148</width>
		<height>61</height>
		<depth>3</depth>
	</size>
	<segmented>0</segmented>
	<object>
		<name>bar</name>
		<pose>Unspecified</pose>
		<truncated>0</truncated>
		<difficult>0</difficult>
		<bndbox>
			<xmin>41</xmin>
			<ymin>38</ymin>
			<xmax>100</xmax>
			<ymax>52</ymax>
		</bndbox>
	</object>
	<object>
		<name>bar</name>
		<pose>Unspecified</pose>
		<truncated>1</truncated>
		<difficult>0</difficult>
		<bndbox>
			<xmin>95</xmin>
			<ymin>47</ymin>
			<xmax>148</xmax>
			<ymax>60</ymax>
		</bndbox>
	</object>
</annotation>
