<annotation>
	<folder>images</folder>
	<filename>image (178).JPG</filename>
	<path>C:\Users\Grycek\Desktop\Git_first\League-Vision-Challenge\images\bars\images\image (178).JPG</path>
	<source>
		<database>Unknown</database>
	</source>
	<size>
		<width>768</width>
		<height>398</height>
		<depth>3</depth>
	</size>
	<segmented>0</segmented>
	<object>
		<name>bar</name>
		<pose>Unspecified</pose>
		<truncated>0</truncated>
		<difficult>0</difficult>
		<bndbox>
			<xmin>271</xmin>
			<ymin>44</ymin>
			<xmax>330</xmax>
			<ymax>61</ymax>
		</bndbox>
	</object>
	<object>
		<name>bar</name>
		<pose>Unspecified</pose>
		<truncated>0</truncated>
		<difficult>0</difficult>
		<bndbox>
			<xmin>295</xmin>
			<ymin>140</ymin>
			<xmax>352</xmax>
			<ymax>150</ymax>
		</bndbox>
	</object>
	<object>
		<name>bar</name>
		<pose>Unspecified</pose>
		<truncated>0</truncated>
		<difficult>0</difficult>
		<bndbox>
			<xmin>311</xmin>
			<ymin>144</ymin>
			<xmax>366</xmax>
			<ymax>156</ymax>
		</bndbox>
	</object>
	<object>
		<name>bar</name>
		<pose>Unspecified</pose>
		<truncated>0</truncated>
		<difficult>0</difficult>
		<bndbox>
			<xmin>407</xmin>
			<ymin>167</ymin>
			<xmax>467</xmax>
			<ymax>179</ymax>
		</bndbox>
	</object>
	<object>
		<name>bar</name>
		<pose>Unspecified</pose>
		<truncated>0</truncated>
		<difficult>0</difficult>
		<bndbox>
			<xmin>414</xmin>
			<ymin>215</ymin>
			<xmax>472</xmax>
			<ymax>228</ymax>
		</bndbox>
	</object>
</annotation>
