<annotation>
	<folder>images</folder>
	<filename>image (169).JPG</filename>
	<path>C:\Users\Grycek\Desktop\Git_first\League-Vision-Challenge\images\bars\images\image (169).JPG</path>
	<source>
		<database>Unknown</database>
	</source>
	<size>
		<width>770</width>
		<height>396</height>
		<depth>3</depth>
	</size>
	<segmented>0</segmented>
	<object>
		<name>dog</name>
		<pose>Unspecified</pose>
		<truncated>0</truncated>
		<difficult>0</difficult>
		<bndbox>
			<xmin>342</xmin>
			<ymin>150</ymin>
			<xmax>429</xmax>
			<ymax>166</ymax>
		</bndbox>
	</object>
	<object>
		<name>dog</name>
		<pose>Unspecified</pose>
		<truncated>0</truncated>
		<difficult>0</difficult>
		<bndbox>
			<xmin>309</xmin>
			<ymin>155</ymin>
			<xmax>393</xmax>
			<ymax>172</ymax>
		</bndbox>
	</object>
	<object>
		<name>dog</name>
		<pose>Unspecified</pose>
		<truncated>0</truncated>
		<difficult>0</difficult>
		<bndbox>
			<xmin>375</xmin>
			<ymin>153</ymin>
			<xmax>457</xmax>
			<ymax>172</ymax>
		</bndbox>
	</object>
	<object>
		<name>dog</name>
		<pose>Unspecified</pose>
		<truncated>0</truncated>
		<difficult>0</difficult>
		<bndbox>
			<xmin>330</xmin>
			<ymin>175</ymin>
			<xmax>415</xmax>
			<ymax>192</ymax>
		</bndbox>
	</object>
	<object>
		<name>dog</name>
		<pose>Unspecified</pose>
		<truncated>0</truncated>
		<difficult>0</difficult>
		<bndbox>
			<xmin>295</xmin>
			<ymin>184</ymin>
			<xmax>381</xmax>
			<ymax>203</ymax>
		</bndbox>
	</object>
</annotation>
