<annotation>
	<folder>images</folder>
	<filename>image (144).JPG</filename>
	<path>C:\Users\Grycek\Desktop\Git_first\League-Vision-Challenge\images\bars\images\image (144).JPG</path>
	<source>
		<database>Unknown</database>
	</source>
	<size>
		<width>766</width>
		<height>394</height>
		<depth>3</depth>
	</size>
	<segmented>0</segmented>
	<object>
		<name>bar</name>
		<pose>Unspecified</pose>
		<truncated>0</truncated>
		<difficult>0</difficult>
		<bndbox>
			<xmin>291</xmin>
			<ymin>117</ymin>
			<xmax>350</xmax>
			<ymax>134</ymax>
		</bndbox>
	</object>
	<object>
		<name>bar</name>
		<pose>Unspecified</pose>
		<truncated>0</truncated>
		<difficult>0</difficult>
		<bndbox>
			<xmin>383</xmin>
			<ymin>95</ymin>
			<xmax>451</xmax>
			<ymax>115</ymax>
		</bndbox>
	</object>
	<object>
		<name>bar</name>
		<pose>Unspecified</pose>
		<truncated>0</truncated>
		<difficult>0</difficult>
		<bndbox>
			<xmin>510</xmin>
			<ymin>289</ymin>
			<xmax>568</xmax>
			<ymax>307</ymax>
		</bndbox>
	</object>
</annotation>
