<annotation>
	<folder>images</folder>
	<filename>image (112).JPG</filename>
	<path>C:\Users\Grycek\Desktop\Git_first\League-Vision-Challenge\images\bars\images\image (112).JPG</path>
	<source>
		<database>Unknown</database>
	</source>
	<size>
		<width>277</width>
		<height>85</height>
		<depth>3</depth>
	</size>
	<segmented>0</segmented>
	<object>
		<name>bar</name>
		<pose>Unspecified</pose>
		<truncated>0</truncated>
		<difficult>0</difficult>
		<bndbox>
			<xmin>56</xmin>
			<ymin>36</ymin>
			<xmax>235</xmax>
			<ymax>76</ymax>
		</bndbox>
	</object>
	<object>
		<name>bar</name>
		<pose>Unspecified</pose>
		<truncated>0</truncated>
		<difficult>0</difficult>
		<bndbox>
			<xmin>79</xmin>
			<ymin>30</ymin>
			<xmax>258</xmax>
			<ymax>70</ymax>
		</bndbox>
	</object>
</annotation>
