<annotation>
	<folder>images</folder>
	<filename>image (11).JPG</filename>
	<path>C:\Users\Grycek\Desktop\Git_first\League-Vision-Challenge\images\bars\images\image (11).JPG</path>
	<source>
		<database>Unknown</database>
	</source>
	<size>
		<width>193</width>
		<height>94</height>
		<depth>3</depth>
	</size>
	<segmented>0</segmented>
	<object>
		<name>bar</name>
		<pose>Unspecified</pose>
		<truncated>1</truncated>
		<difficult>0</difficult>
		<bndbox>
			<xmin>130</xmin>
			<ymin>61</ymin>
			<xmax>193</xmax>
			<ymax>76</ymax>
		</bndbox>
	</object>
</annotation>
