<annotation>
	<folder>images</folder>
	<filename>image (129).JPG</filename>
	<path>C:\Users\Grycek\Desktop\Git_first\League-Vision-Challenge\images\bars\images\image (129).JPG</path>
	<source>
		<database>Unknown</database>
	</source>
	<size>
		<width>773</width>
		<height>395</height>
		<depth>3</depth>
	</size>
	<segmented>0</segmented>
	<object>
		<name>bar</name>
		<pose>Unspecified</pose>
		<truncated>0</truncated>
		<difficult>0</difficult>
		<bndbox>
			<xmin>121</xmin>
			<ymin>78</ymin>
			<xmax>181</xmax>
			<ymax>93</ymax>
		</bndbox>
	</object>
	<object>
		<name>w</name>
		<pose>Unspecified</pose>
		<truncated>0</truncated>
		<difficult>0</difficult>
		<bndbox>
			<xmin>147</xmin>
			<ymin>64</ymin>
			<xmax>204</xmax>
			<ymax>81</ymax>
		</bndbox>
	</object>
	<object>
		<name>w</name>
		<pose>Unspecified</pose>
		<truncated>0</truncated>
		<difficult>0</difficult>
		<bndbox>
			<xmin>254</xmin>
			<ymin>45</ymin>
			<xmax>312</xmax>
			<ymax>60</ymax>
		</bndbox>
	</object>
	<object>
		<name>w</name>
		<pose>Unspecified</pose>
		<truncated>0</truncated>
		<difficult>0</difficult>
		<bndbox>
			<xmin>302</xmin>
			<ymin>67</ymin>
			<xmax>361</xmax>
			<ymax>82</ymax>
		</bndbox>
	</object>
	<object>
		<name>w</name>
		<pose>Unspecified</pose>
		<truncated>0</truncated>
		<difficult>0</difficult>
		<bndbox>
			<xmin>214</xmin>
			<ymin>147</ymin>
			<xmax>272</xmax>
			<ymax>162</ymax>
		</bndbox>
	</object>
</annotation>
